Entry ID,Oligomeric State,
"7OHU","Hetero 25-mer"
"7OHV","Hetero 43-mer"
"7OHW","Hetero 37-mer"
"7OHX","Hetero 34-mer"
"7OHY","Hetero 24-mer"
"7OI0","Hetero 10-mer"
"7OI6","Hetero 50-mer, Homo 2-mer"
"7OI7","Hetero 52-mer"
"7OI8","Hetero 52-mer"
"7OI9","Hetero 52-mer"
"7OIA","Hetero 49-mer"
"7OIB","Hetero 49-mer"
"7OIC","Hetero 55-mer"
"7OID","Hetero 53-mer"
"7OIE","Hetero 53-mer"
"7OIF","Hetero 50-mer"
"7OIG","Hetero 50-mer"
"7OII","Hetero 50-mer"
"7OIZ","Hetero 50-mer"
"7OJ0","Hetero 54-mer"
"7OJ7","Hetero 240-mer"
"7OJX","Hetero 5-mer"
"7OK0","Hetero 13-mer"
"7OKQ","Hetero 16-mer"
"7OKX","Hetero 15-mer"
"7OKY","Hetero 16-mer"
"7OL0","Hetero 13-mer"
"7OLC","Hetero 80-mer"
"7OLD","Hetero 80-mer"
"7OLE","Hetero 9-mer"
"7OLY","Hetero 10-mer"
"7OMF","Hetero 4-mer"
"7OMM","Hetero 4-mer"
"7ON1","Hetero 10-mer"
"7ONB","Hetero 9-mer"
"7ONI","Hetero 4-mer"
"7OO3","Hetero 17-mer"
"7OOB","Hetero 15-mer"
"7OOC","Hetero 20-mer"
"7OOD","Hetero 29-mer"
"7OOP","Hetero 23-mer"
"7OPC","Hetero 25-mer"
"7OPD","Hetero 25-mer"
"7OPE","Hetero 30-mer"
"7OPI","Hetero 4-mer"
"7OPL","Hetero 5-mer"
"7OPX","Hetero 240-mer"
"7OQ4","Hetero 14-mer"
"7OQB","Hetero 19-mer"
"7OQC","Hetero 16-mer"
"7OQE","Hetero 36-mer, Homo 2-mer"
"7OQY","Hetero 14-mer"
"7OR9","Hetero 5-mer"
"7ORA","Hetero 5-mer"
,"Hetero 5-mer"
"7ORB","Hetero 5-mer"
,"Hetero 5-mer"
"7OSA","Hetero 77-mer"
"7OSF","Hetero 6-mer, Hetero 4-mer"
"7OSG","Hetero 6-mer, Hetero 4-mer"
"7OSH","Hetero 6-mer, Hetero 4-mer"
"7OSI","Hetero 6-mer, Hetero 4-mer"
"7OSJ","Hetero 6-mer, Hetero 4-mer"
"7OSM","Hetero 76-mer"
"7OT5","Hetero 50-mer"
"7OTC","Hetero 49-mer"
"7OTQ","Hetero 9-mer, Hetero 8-mer"
"7OUI","Hetero 52-mer"
"7OVB","Hetero 5-mer"
"7OW5","Hetero 5-mer"
"7OW6","Hetero 5-mer"
"7OW7","Hetero 40-mer"
"7OWG","Hetero 8-mer"
"7OY8","Hetero 35-mer, Hetero 32-mer"
"7OYA","Hetero 78-mer"
"7OYB","Hetero 73-mer"
"7OYC","Hetero 77-mer"
"7OYD","Hetero 79-mer"
"7OZK","Hetero 240-mer"
"7OZL","Hetero 240-mer"
"7OZN","Hetero 24-mer"
"7OZO","Hetero 24-mer"
"7OZP","Hetero 24-mer"
"7OZS","Hetero 6-mer"
"7P00","Hetero 6-mer"
"7P02","Hetero 6-mer"
"7P2E","Hetero 31-mer"
"7P2P","Hetero 4-mer"
"7P2Q","Hetero 4-mer"
"7P30","Hetero 12-mer"
"7P3K","Hetero 49-mer"
"7P3X","Hetero 4-mer"
"7P3Y","Hetero 4-mer"
"7P3Z","Hetero 4-mer"
"7P47","Hetero 5-mer, Homo 2-mer"
"7P48","Hetero 48-mer"
"7P5X","Hetero 9-mer, Homo 2-mer"
"7P5Z","Hetero 14-mer, Hetero 12-mer"
"7P61","Hetero 13-mer"
"7P62","Hetero 13-mer"
"7P63","Hetero 13-mer"
"7P64","Hetero 13-mer"
"7P69","Hetero 13-mer"
"7P6Z","Hetero 50-mer"
"7P7C","Hetero 13-mer"
"7P7E","Hetero 13-mer"
"7P7J","Hetero 13-mer"
"7P7K","Hetero 13-mer"
"7P7L","Hetero 13-mer"
"7P7M","Hetero 13-mer"
"7P7Q","Hetero 48-mer"
"7P7R","Hetero 48-mer"
"7P7S","Hetero 48-mer"
"7P7T","Hetero 48-mer"
"7P7U","Hetero 46-mer"
"7PAH","Hetero 49-mer"
"7PAI","Hetero 49-mer"
"7PAJ","Hetero 50-mer"
"7PAK","Hetero 50-mer"
"7PAL","Hetero 50-mer"
"7PAM","Hetero 49-mer"
"7PAN","Hetero 49-mer"
"7PAO","Hetero 51-mer"
"7PAQ","Hetero 51-mer"
"7PAR","Hetero 51-mer"
"7PAS","Hetero 49-mer"
"7PAT","Hetero 29-mer"
"7PAU","Hetero 30-mer"
"7PB2","Hetero 5-mer"
,"Hetero 5-mer"
"7PB8","Hetero 5-mer"
"7PBC","Hetero 5-mer"
"7PBD","Hetero 6-mer"
"7PBE","Hetero 5-mer"
,"Hetero 5-mer"
"7PBZ","Hetero 6-mer"
"7PC0","Hetero 8-mer, Homo 2-mer"
"7PC2","Hetero 18-mer"
"7PD3","Hetero 58-mer"
"7PDW","Hetero 5-mer"
,"Hetero 5-mer"
"7PDZ","Hetero 13-mer, Homo 6-mer"
"7PE7","Hetero 10-mer"
"7PE8","Hetero 5-mer"
"7PE9","Hetero 5-mer"
"7PEA","Hetero 8-mer"
"7PEB","Hetero 4-mer"
"7PEC","Hetero 4-mer"
"7PEQ","Hetero 288-mer"
"7PER","Hetero 192-mer"
"7PET","Hetero 34-mer, Homo 2-mer, Hetero 8-mer"
"7PEU","Hetero 25-mer, Hetero 8-mer, Homo 2-mer"
"7PEV","Hetero 16-mer"
"7PEW","Hetero 8-mer"
"7PEX","Hetero 9-mer, Hetero 8-mer"
"7PEY","Hetero 8-mer"
"7PEZ","Hetero 9-mer, Hetero 8-mer"
"7PF0","Hetero 26-mer, Homo 2-mer, Hetero 8-mer"
"7PF2","Hetero 17-mer, Hetero 16-mer"
"7PF3","Hetero 9-mer, Hetero 8-mer"
"7PF4","Hetero 8-mer"
"7PF5","Hetero 9-mer, Hetero 8-mer"
"7PF6","Hetero 9-mer, Hetero 8-mer"
"7PFA","Hetero 26-mer, Homo 2-mer, Hetero 8-mer"
"7PFC","Hetero 17-mer, Hetero 16-mer"
"7PFD","Hetero 9-mer, Hetero 8-mer"
"7PFE","Hetero 9-mer, Hetero 8-mer"
"7PFF","Hetero 8-mer"
"7PFO","Hetero 19-mer, Homo 3-mer"
"7PFT","Hetero 27-mer, Homo 6-mer, Hetero 8-mer"
"7PFU","Hetero 18-mer"
"7PFV","Hetero 9-mer, Hetero 8-mer"
"7PFW","Hetero 9-mer, Hetero 8-mer"
"7PFX","Hetero 9-mer, Hetero 8-mer"
"7PG9","Hetero 28-mer, Homo 28-mer"
"7PH9","Hetero 49-mer"
"7PHA","Hetero 50-mer"
"7PHB","Hetero 50-mer"
"7PHC","Hetero 49-mer"
"7PHP","Hetero 5-mer"
"7PHQ","Hetero 10-mer"
"7PHR","Hetero 11-mer, Homo 2-mer"
"7PHU","Hetero 5-mer"
"7PI0","Hetero 50-mer"
"7PI3","Hetero 7-mer, Homo 3-mer"
,"Hetero 7-mer, Homo 3-mer"
,"Hetero 7-mer"
,"Hetero 7-mer, Homo 3-mer"
"7PI4","Hetero 4-mer"
"7PI5","Hetero 50-mer"
"7PI8","Hetero 49-mer"
"7PI9","Hetero 50-mer"
"7PIA","Hetero 49-mer"
"7PIB","Hetero 51-mer"
"7PIC","Hetero 49-mer"
"7PII","Hetero 10-mer"
"7PIJ","Hetero 5-mer"
"7PIL","Hetero 33-mer"
"7PIN","Hetero 99-mer, Homo 4-mer, Hetero 8-mer, Hetero 38-mer, Hetero 30-mer"
"7PIO","Hetero 49-mer"
"7PIP","Hetero 50-mer"
"7PIQ","Hetero 49-mer"
"7PIR","Hetero 49-mer"
"7PIS","Hetero 51-mer"
"7PIT","Hetero 51-mer"
"7PIU","Hetero 6-mer"
"7PIV","Hetero 6-mer"
"7PIW","Hetero 99-mer, Homo 4-mer, Hetero 30-mer, Hetero 32-mer"
"7PJS","Hetero 51-mer"
"7PJT","Hetero 51-mer"
"7PJU","Hetero 51-mer"
"7PJV","Hetero 52-mer"
"7PJW","Hetero 52-mer"
"7PJX","Hetero 52-mer"
"7PJY","Hetero 52-mer"
"7PJZ","Hetero 52-mer"
"7PKN","Hetero 11-mer"
"7PKS","Hetero 30-mer"
"7PKT","Hetero 45-mer"
"7PLO","Hetero 24-mer, Homo 3-mer"
"7PLT","Hetero 4-mer"
"7PLU","Hetero 10-mer, Homo 3-mer, Homo 2-mer"
"7PLV","Hetero 4-mer"
"7PLW","Hetero 4-mer"
"7PLX","Hetero 4-mer"
"7PM5","Hetero 4-mer"
"7PM6","Hetero 10-mer, Homo 3-mer, Homo 2-mer"
"7PM7","Hetero 4-mer"
"7PM8","Hetero 4-mer"
"7PM9","Hetero 4-mer"
"7PMA","Hetero 4-mer"
"7PMB","Hetero 4-mer"
"7PMC","Hetero 4-mer"
"7PMD","Hetero 4-mer"
"7PME","Hetero 10-mer, Homo 3-mer, Homo 2-mer"
"7PMF","Hetero 4-mer"
"7PMG","Hetero 4-mer"
"7PMH","Hetero 4-mer"
"7PMI","Hetero 4-mer"
"7PMJ","Hetero 4-mer"
"7PMK","Hetero 20-mer, Homo 3-mer"
"7PML","Hetero 4-mer"
"7PMN","Hetero 20-mer, Homo 3-mer"
"7PNK","Hetero 44-mer, Hetero 40-mer"
"7PNT","Hetero 31-mer"
"7PNU","Hetero 30-mer"
"7PNV","Hetero 31-mer"
"7PNW","Hetero 30-mer"
"7PNX","Hetero 31-mer"
"7PNY","Hetero 31-mer"
"7PNZ","Hetero 31-mer"
"7PO0","Hetero 31-mer"
"7PO1","Hetero 31-mer"
"7PO2","Hetero 32-mer"
"7PO3","Hetero 30-mer"
"7PO4","Hetero 58-mer, Homo 2-mer"
"7PP4","Hetero 6-mer, Homo 2-mer"
"7PQD","Hetero 70-mer"
"7PQZ","Hetero 5-mer"
"7PRC","Hetero 4-mer"
"7PRY","Hetero 5-mer, Homo 2-mer"
,"Hetero 5-mer, Homo 2-mer"
"7PS2","Hetero 5-mer"
"7PS6","Hetero 5-mer"
"7PSA","Hetero 45-mer"
"7PT6","Hetero 18-mer"
"7PT7","Hetero 15-mer, Hetero 12-mer"
"7PUA","Hetero 82-mer, Homo 2-mer"
"7PUB","Hetero 75-mer"
"7PWF","Hetero 31-mer"
"7PWG","Hetero 39-mer"
"7PWO","Hetero 68-mer"
"7PXC","Hetero 36-mer, Hetero 28-mer"
"7PXD","Hetero 36-mer, Hetero 28-mer"
"7PY0","Hetero 6-mer, Homo 2-mer"
"7PY1","Hetero 6-mer, Homo 2-mer"
"7PY3","Hetero 6-mer"
"7PY5","Hetero 7-mer, Homo 2-mer"
"7PY6","Hetero 7-mer, Homo 2-mer"
"7PY7","Hetero 7-mer, Homo 2-mer"
"7PY8","Hetero 6-mer, Homo 2-mer"
"7PYJ","Hetero 6-mer"
"7PYK","Hetero 6-mer"
"7PZY","Hetero 75-mer"
"7Q08","Hetero 75-mer"
"7Q0F","Hetero 75-mer"
"7Q0G","Hetero 5-mer"
"7Q0H","Hetero 5-mer"
"7Q0J","Hetero 5-mer, Homo 2-mer"
"7Q0K","Hetero 5-mer, Homo 2-mer"
"7Q0P","Hetero 75-mer"
"7Q0R","Hetero 75-mer"
"7Q1E","Hetero 5-mer"
"7Q1F","Hetero 5-mer"
,"Hetero 5-mer"
"7Q21","Hetero 26-mer"
"7Q2J","Hetero 4-mer"
"7Q2X","Hetero 4-mer"
"7Q2Y","Hetero 4-mer"
"7Q3E","Hetero 4-mer"
"7Q3L","Hetero 8-mer"
"7Q4K","Hetero 50-mer"
"7Q4O","Hetero 8-mer"
"7Q4P","Hetero 7-mer"
"7Q4U","Hetero 48-mer"
"7Q59","Hetero 12-mer"
"7Q5B","Hetero 7-mer, Homo 4-mer"
"7Q5Y","Hetero 6-mer"
,"Hetero 6-mer"
,"Hetero 6-mer"
,"Hetero 6-mer"
"7Q6C","Hetero 4-mer"
"7Q7P","Hetero 4-mer"
"7Q7Q","Hetero 4-mer"
"7QB5","Hetero 4-mer"
"7QBA","Hetero 7-mer, Homo 2-mer, Hetero 4-mer"
"7QCA","Hetero 71-mer"
"7QCD","Hetero 6-mer"
"7QCO","Hetero 44-mer"
"7QE7","Hetero 21-mer, Homo 2-mer"
"7QEN","Hetero 4-mer"
"7QEP","Hetero 74-mer"
"7QEZ","Hetero 5-mer"
"7QG8","Hetero 52-mer"
"7QG9","Hetero 27-mer"
"7QGG","Hetero 77-mer"
"7QGH","Hetero 52-mer"
"7QGN","Hetero 53-mer"
"7QGR","Hetero 53-mer"
"7QGU","Hetero 50-mer"
"7QH4","Hetero 47-mer"
"7QH6","Hetero 44-mer"
"7QH7","Hetero 47-mer"
"7QHM","Hetero 26-mer"
"7QHO","Hetero 26-mer"
"7QHS","Hetero 13-mer"
"7QI4","Hetero 87-mer, Homo 5-mer"
"7QID","Hetero 10-mer"
"7QIN","Hetero 13-mer, Homo 5-mer"
"7QIQ","Hetero 8-mer"
"7QIR","Hetero 8-mer"
"7QIS","Hetero 8-mer"
"7QIT","Hetero 8-mer"
"7QIW","Hetero 41-mer"
"7QIX","Hetero 21-mer"
"7QIY","Hetero 13-mer"
"7QIZ","Hetero 73-mer"
"7QJ0","Hetero 16-mer"
"7QJ1","Hetero 16-mer"
"7QJ2","Hetero 22-mer"
"7QJ3","Hetero 22-mer"
"7QJ4","Hetero 28-mer"
"7QJ5","Hetero 41-mer"
"7QJ6","Hetero 31-mer"
"7QJ7","Hetero 37-mer"
"7QJ8","Hetero 35-mer"
"7QJ9","Hetero 31-mer"
"7QJA","Hetero 37-mer"
"7QJB","Hetero 35-mer"
"7QJC","Hetero 41-mer"
"7QJD","Hetero 42-mer"
"7QJE","Hetero 8-mer"
"7QJH","Hetero 144-mer"
"7QKO","Hetero 5-mer, Homo 5-mer"
"7QL5","Hetero 5-mer, Homo 5-mer"
"7QL6","Hetero 5-mer, Homo 5-mer"
"7QN5","Hetero 7-mer"
"7QN7","Hetero 7-mer"
"7QN9","Hetero 7-mer"
"7QNA","Hetero 6-mer"
"7QNC","Hetero 7-mer"
"7QNE","Hetero 6-mer, Homo 2-mer"
"7QNG","Hetero 4-mer"
"7QNW","Hetero 5-mer"
"7QNX","Hetero 5-mer"
"7QNY","Hetero 5-mer"
"7QO3","Hetero 41-mer, Hetero 28-mer"
"7QO4","Hetero 9-mer"
"7QO5","Hetero 49-mer, Hetero 28-mer"
"7QO6","Hetero 49-mer, Hetero 28-mer"
"7QOO","Hetero 15-mer"
"7QP6","Hetero 50-mer"
"7QP7","Hetero 48-mer"
"7QPD","Hetero 5-mer"
"7QPJ","Hetero 5-mer"
"7QQ3","Hetero 26-mer"
"7QRM","Hetero 16-mer"
"7QRU","Hetero 8-mer"
"7QSD","Hetero 45-mer"
"7QSK","Hetero 45-mer"
"7QSL","Hetero 45-mer"
"7QSM","Hetero 45-mer"
"7QSN","Hetero 45-mer"
"7QSO","Hetero 45-mer"
"7QTI","Hetero 11-mer"
"7QTJ","Hetero 6-mer, Homo 2-mer"
"7QV1","Hetero 48-mer"
"7QV2","Hetero 47-mer"
"7QV3","Hetero 50-mer"
"7QV7","Hetero 16-mer"
"7QV9","Hetero 12-mer, Homo 6-mer"
"7QVE","Hetero 28-mer, Homo 28-mer"
"7QVM","Hetero 6-mer"
"7QVP","Hetero 148-mer, Homo 2-mer"
"7QW9","Hetero 240-mer"
"7QWP","Hetero 6-mer"
"7QWQ","Hetero 48-mer"
"7QWR","Hetero 45-mer"
"7QWS","Hetero 46-mer"
"7QXA","Hetero 4-mer"
"7QXB","Hetero 5-mer"
"7QXI","Hetero 6-mer"
"7QXS","Hetero 5-mer"
"7QZR","Hetero 3-mer"
,"Hetero 3-mer"
"7R0C","Hetero 4-mer"
"7R0W","Hetero 18-mer"
"7R1W","Hetero 6-mer"
"7R3V","Hetero 10-mer"
"7R4H","Hetero 7-mer, Homo 2-mer"
"7R5J","Hetero 808-mer"
"7R5K","Hetero 808-mer"
"7R5R","Hetero 10-mer"
"7R5S","Hetero 15-mer"
"7R5V","Hetero 11-mer"
"7R6K","Hetero 15-mer"
"7R6Q","Hetero 16-mer"
"7R6W","Hetero 5-mer"
"7R6X","Hetero 7-mer"
"7R72","Hetero 22-mer"
"7R7A","Hetero 54-mer"
"7R7C","Hetero 10-mer"
"7R80","Hetero 5-mer"
"7R81","Hetero 76-mer"
"7R87","Hetero 4-mer"
"7R88","Hetero 4-mer"
"7R89","Hetero 4-mer"
"7R8A","Hetero 4-mer"
"7R8B","Hetero 4-mer"
"7R8L","Hetero 5-mer, Homo 2-mer"
"7RA3","Hetero 7-mer"
"7RAH","Hetero 5-mer"
"7RAI","Hetero 12-mer"
"7RAM","Hetero 4-mer"
"7RAN","Hetero 5-mer"
"7RBT","Hetero 7-mer"
"7RCV","Hetero 42-mer"
"7RD1","Hetero 1920-mer, Homo 720-mer, Hetero 240-mer, Hetero 180-mer"
"7RDQ","Hetero 6-mer, Homo 2-mer"
"7RDV","Hetero 5-mer"
"7RDW","Hetero 3-mer"
,"Hetero 3-mer"
,"Hetero 3-mer"
,"Hetero 3-mer"
"7RDX","Hetero 6-mer"
"7RDY","Hetero 6-mer"
"7RDZ","Hetero 6-mer"
"7RE0","Hetero 6-mer"
"7RE1","Hetero 6-mer"
"7RE2","Hetero 5-mer"
"7RE3","Hetero 12-mer"
"7RE7","Hetero 5-mer"
,"Hetero 5-mer"
"7RF1","Hetero 40-mer"
"7RF2","Hetero 40-mer"
"7RF3","Hetero 40-mer"
"7RF4","Hetero 40-mer"
"7RF5","Hetero 40-mer"
"7RF6","Hetero 40-mer"
"7RF7","Hetero 40-mer"
"7RF8","Hetero 40-mer"
"7RG9","Hetero 6-mer"
"7RGP","Hetero 7-mer"
"7RH5","Hetero 24-mer"
"7RH6","Hetero 23-mer, Hetero 20-mer"
"7RH7","Hetero 24-mer"
"7RI4","Hetero 6-mer"
"7RI5","Hetero 5-mer"
"7RI6","Hetero 5-mer"
"7RI7","Hetero 5-mer"
"7RI8","Hetero 5-mer"
"7RI9","Hetero 5-mer"
"7RIM","Hetero 10-mer"
"7RIP","Hetero 10-mer"
"7RIQ","Hetero 10-mer"
"7RIW","Hetero 10-mer"
"7RIX","Hetero 10-mer"
"7RIY","Hetero 10-mer"
"7RJ5","Hetero 6-mer"
"7RJA","Hetero 18-mer"
"7RJB","Hetero 10-mer"
"7RJC","Hetero 10-mer"
"7RJD","Hetero 10-mer"
"7RJE","Hetero 18-mer"
"7RK7","Hetero 5-mer"
"7RKF","Hetero 6-mer"
"7RKM","Hetero 6-mer"
"7RKN","Hetero 6-mer"
"7RKX","Hetero 5-mer"
"7RKY","Hetero 5-mer"
"7RLO","Hetero 12-mer"
"7RM4","Hetero 5-mer"
,"Hetero 5-mer"
,"Hetero 5-mer"
,"Hetero 5-mer"
"7RMG","Hetero 6-mer"
"7RMH","Hetero 6-mer"
"7RMI","Hetero 6-mer"
"7RPO","Hetero 4-mer"
"7RPW","Hetero 4-mer"
"7RPX","Hetero 4-mer"
"7RQ8","Hetero 49-mer"
,"Hetero 49-mer"
"7RQ9","Hetero 49-mer"
,"Hetero 49-mer"
"7RQA","Hetero 51-mer"
,"Hetero 51-mer"
"7RQB","Hetero 51-mer"
,"Hetero 51-mer"
"7RQC","Hetero 51-mer"
,"Hetero 51-mer"
"7RQD","Hetero 51-mer"
,"Hetero 51-mer"
"7RQE","Hetero 51-mer"
,"Hetero 51-mer"
"7RR5","Hetero 80-mer"
"7RRG","Hetero 5-mer"
"7RRO","Hetero 429-mer, Homo 6-mer, Homo 2-mer, Hetero 6-mer, Hetero 9-mer, Hetero 10-mer, Homo 5-mer, Hetero 12-mer, Homo 4-mer"
"7RSN","Hetero 12-mer"
"7RSO","Hetero 12-mer"
"7RTB","Hetero 6-mer"
"7RTK","Hetero 8-mer"
"7RTR","Hetero 5-mer"
"7RU9","Hetero 8-mer"
"7RUA","Hetero 8-mer"
"7RUC","Hetero 7-mer, Hetero 4-mer"
"7RW8","Hetero 4-mer"
"7RW9","Hetero 4-mer"
"7RWA","Hetero 10-mer"
"7RWB","Hetero 8-mer"
"7RWC","Hetero 5-mer"
"7RWI","Hetero 6-mer, Homo 2-mer"
"7RX0","Hetero 4-mer"
"7RXC","Hetero 5-mer"
"7RXD","Hetero 5-mer"
"7RYC","Hetero 5-mer"
"7RYF","Hetero 48-mer"
"7RYG","Hetero 48-mer"
"7RYH","Hetero 48-mer"
"7RYM","Hetero 4-mer"
"7RYN","Hetero 4-mer"
"7RYO","Hetero 4-mer"
"7S00","Hetero 8-mer"
"7S01","Hetero 5-mer"
"7S07","Hetero 7-mer"
"7S0F","Hetero 4-mer"
"7S0G","Hetero 4-mer"
"7S0S","Hetero 33-mer"
"7S0T","Hetero 5-mer"
"7S1B","Hetero 7-mer"
"7S1G","Hetero 50-mer"
"7S1H","Hetero 49-mer"
"7S1I","Hetero 50-mer"
"7S1J","Hetero 49-mer"
"7S1K","Hetero 50-mer"
"7S1M","Hetero 6-mer"
"7S3D","Hetero 36-mer"
"7S3I","Hetero 5-mer"
"7S4E","Hetero 4-mer"
,"Hetero 4-mer"
"7S4M","Hetero 12-mer"
"7S5Q","Hetero 5-mer"
"7S5R","Hetero 5-mer"
"7S6Q","Hetero 8-mer"
"7S6R","Hetero 8-mer"
"7S6S","Hetero 8-mer"
"7S6T","Hetero 8-mer"
"7S78","Hetero 1860-mer, Hetero 360-mer, Hetero 480-mer, Hetero 1200-mer"
"7S7H","Hetero 8-mer"
"7S8H","Hetero 18-mer"
"7S8L","Hetero 6-mer"
"7S8M","Hetero 6-mer"
"7S8N","Hetero 5-mer"
"7S8O","Hetero 5-mer"
"7S8P","Hetero 5-mer"
"7S9U","Hetero 18-mer"
"7SA3","Hetero 9-mer"
"7SA4","Hetero 52-mer"
"7SAE","Hetero 18-mer"
"7SBA","Hetero 11-mer, Homo 7-mer"
"7SBB","Hetero 11-mer, Homo 7-mer"
"7SBF","Hetero 5-mer"
"7SC7","Hetero 86-mer"
"7SC8","Hetero 40-mer, Hetero 36-mer"
"7SC9","Hetero 90-mer"
"7SCA","Hetero 40-mer, Hetero 36-mer"
"7SCB","Hetero 29-mer, Homo 2-mer, Hetero 12-mer, Homo 4-mer, Homo 3-mer, Hetero 4-mer"
"7SCC","Hetero 36-mer"
"7SCG","Hetero 5-mer"
"7SCN","Hetero 12-mer"
"7SCO","Hetero 12-mer"
"7SCY","Hetero 9-mer, Hetero 8-mer"
"7SCZ","Hetero 9-mer, Hetero 8-mer"
"7SD3","Hetero 12-mer, Hetero 6-mer, Homo 2-mer"
"7SF7","Hetero 4-mer"
"7SF8","Hetero 4-mer"
"7SFR","Hetero 48-mer"
"7SFV","Hetero 1200-mer"
"7SFW","Hetero 20-mer, Homo 3-mer, Homo 2-mer"
"7SG0","Hetero 5-mer"
"7SG1","Hetero 5-mer"
,"Hetero 5-mer"
"7SG2","Hetero 5-mer"
,"Hetero 5-mer"
"7SGL","Hetero 4-mer"
"7SGZ","Hetero 8-mer"
"7SH2","Hetero 8-mer"
"7SHK","Hetero 5-mer"
"7SHL","Hetero 5-mer"
"7SHT","Hetero 7-mer, Hetero 4-mer"
"7SK3","Hetero 6-mer, Hetero 4-mer"
"7SK4","Hetero 6-mer, Hetero 4-mer"
"7SK5","Hetero 5-mer"
"7SK6","Hetero 4-mer"
"7SK7","Hetero 5-mer"
"7SK8","Hetero 6-mer, Hetero 4-mer"
"7SL7","Hetero 10-mer"
"7SMM","Hetero 5-mer, Homo 5-mer"
"7SMQ","Hetero 5-mer, Homo 5-mer"
"7SMR","Hetero 5-mer, Homo 5-mer"
"7SMS","Hetero 5-mer, Homo 5-mer"
"7SMT","Hetero 5-mer, Homo 5-mer"
"7SO9","Hetero 15-mer"
"7SOB","Hetero 15-mer"
"7SOM","Hetero 200-mer, Homo 2-mer"
"7SOY","Hetero 4-mer"
"7SQ1","Hetero 10-mer, Hetero 6-mer"
"7SQC","Hetero 406-mer, Homo 2-mer, Hetero 9-mer"
"7SQK","Hetero 8-mer"
"7SQO","Hetero 5-mer"
"7SR8","Hetero 5-mer"
"7SRR","Hetero 5-mer"
"7SRS","Hetero 6-mer"
"7SS9","Hetero 51-mer"
"7SSD","Hetero 52-mer"
"7SSL","Hetero 52-mer"
"7SSN","Hetero 48-mer"
"7SSO","Hetero 52-mer"
"7SSW","Hetero 50-mer"
"7ST2","Hetero 52-mer"
"7ST6","Hetero 50-mer"
"7ST7","Hetero 53-mer"
"7ST9","Hetero 8-mer"
"7STB","Hetero 8-mer"
"7STE","Hetero 5-mer"
"7SU9","Hetero 5-mer"
"7SUK","Hetero 67-mer, Homo 2-mer"
"7SWD","Hetero 11-mer, Hetero 9-mer"
"7SWY","Hetero 8-mer, Homo 8-mer"
"7SX3","Hetero 5-mer"
"7SX4","Hetero 5-mer"
"7SYG","Hetero 34-mer"
"7SYH","Hetero 34-mer"
"7SYI","Hetero 34-mer"
"7SYJ","Hetero 34-mer"
"7SYK","Hetero 34-mer"
"7SYL","Hetero 34-mer"
"7SYM","Hetero 34-mer"
"7SYN","Hetero 34-mer"
"7SYO","Hetero 34-mer"
"7SYP","Hetero 34-mer"
"7SYQ","Hetero 35-mer"
"7SYR","Hetero 36-mer"
"7SYS","Hetero 36-mer"
"7SYT","Hetero 34-mer"
"7SYU","Hetero 34-mer"
"7SYV","Hetero 36-mer"
"7SYW","Hetero 36-mer"
"7SYX","Hetero 36-mer"
"7SZJ","Hetero 6-mer, Homo 2-mer"
"7SZK","Hetero 6-mer, Homo 2-mer"
"7SZO","Hetero 5-mer"
,"Hetero 5-mer"
"7T0L","Hetero 5-mer"
,"Hetero 5-mer"
"7T0O","Hetero 15-mer"
"7T0R","Hetero 4-mer"
,"Hetero 4-mer"
"7T0W","Hetero 9-mer"
"7T0Z","Hetero 7-mer"
"7T10","Hetero 6-mer"
"7T11","Hetero 6-mer"
"7T17","Hetero 540-mer"
"7T2B","Hetero 5-mer"
,"Hetero 5-mer"
,"Hetero 5-mer"
,"Hetero 5-mer"
"7T2C","Hetero 5-mer"
"7T2D","Hetero 5-mer"
,"Hetero 5-mer"
,"Hetero 5-mer"
,"Hetero 5-mer"
"7T2G","Hetero 4-mer"
"7T2H","Hetero 5-mer"
"7T2P","Hetero 12-mer"
"7T2R","Hetero 10-mer"
"7T30","Hetero 10-mer"
"7T3A","Hetero 10-mer"
"7T3B","Hetero 10-mer"
"7T3C","Hetero 17-mer"
"7T3D","Hetero 18-mer"
"7T3J","Hetero 11-mer, Homo 6-mer, Homo 2-mer"
"7T3K","Hetero 20-mer"
"7T3L","Hetero 20-mer"
"7T4G","Hetero 12-mer"
"7T4Q","Hetero 11-mer"
"7T4R","Hetero 19-mer, Hetero 18-mer"
"7T4S","Hetero 10-mer"
"7T6B","Hetero 5-mer"
"7T6S","Hetero 5-mer"
"7T6T","Hetero 5-mer"
"7T6U","Hetero 6-mer"
"7T6V","Hetero 6-mer"
"7T6X","Hetero 8-mer"
"7T73","Hetero 8-mer, Hetero 6-mer"
"7T74","Hetero 14-mer, Hetero 12-mer"
"7T75","Hetero 12-mer"
"7T76","Hetero 8-mer, Hetero 6-mer"
"7T77","Hetero 8-mer, Hetero 6-mer"
"7T82","Hetero 4-mer"
,"Hetero 4-mer"
"7T87","Hetero 5-mer"
"7T8X","Hetero 5-mer"
"7T90","Hetero 5-mer"
"7T92","Hetero 5-mer"
"7T94","Hetero 5-mer"
"7T96","Hetero 5-mer"
"7T9A","Hetero 14-mer, Hetero 12-mer"
"7T9B","Hetero 14-mer, Hetero 12-mer"
"7T9I","Hetero 7-mer"
"7T9N","Hetero 7-mer"
"7T9P","Hetero 240-mer"
"7TAF","Hetero 240-mer"
"7TAG","Hetero 240-mer"
"7TAH","Hetero 240-mer"
"7TAJ","Hetero 240-mer"
"7TAN","Hetero 10-mer"
"7TAO","Hetero 15-mer"
"7TAP","Hetero 15-mer"
"7TAU","Hetero 1860-mer"
"7TAW","Hetero 20-mer"
"7TAX","Hetero 11-mer, Homo 6-mer, Homo 2-mer"
"7TAY","Hetero 22-mer"
"7TB8","Hetero 11-mer"
"7TBF","Hetero 5-mer"
"7TBI","Hetero 576-mer"
"7TBJ","Hetero 936-mer"
"7TBK","Hetero 936-mer"
"7TBL","Hetero 1088-mer"
"7TBM","Hetero 1056-mer"
"7TCC","Hetero 15-mer"
"7TCQ","Hetero 3-mer"
,"Hetero 3-mer"
"7TCT","Hetero 4-mer"
,"Hetero 4-mer"
"7TD0","Hetero 4-mer"
"7TD1","Hetero 4-mer"
"7TD2","Hetero 4-mer"
"7TD3","Hetero 4-mer"
"7TD4","Hetero 4-mer"
"7TD5","Hetero 5-mer, Homo 2-mer"
,"Hetero 5-mer, Homo 2-mer"
"7TD8","Hetero 4-mer"
,"Hetero 4-mer"
"7TDM","Hetero 4-mer"
"7TDN","Hetero 4-mer"
"7TDZ","Hetero 32-mer"
"7TE6","Hetero 4-mer"
,"Hetero 4-mer"
"7TE9","Hetero 8-mer"
"7TEB","Hetero 8-mer"
"7TEE","Hetero 8-mer"
"7TEJ","Hetero 28-mer, Homo 28-mer"
"7TEO","Hetero 30-mer"
"7TEQ","Hetero 8-mer"
"7TER","Hetero 8-mer"
"7TES","Hetero 8-mer"
"7TET","Hetero 8-mer"
"7TFH","Hetero 8-mer, Homo 3-mer"
"7TFI","Hetero 8-mer, Homo 3-mer"
"7TFJ","Hetero 8-mer, Homo 3-mer"
"7TFK","Hetero 5-mer"
"7TFL","Hetero 5-mer"
"7TFN","Hetero 12-mer, Hetero 9-mer"
"7TFO","Hetero 12-mer"
"7TGH","Hetero 91-mer, Hetero 18-mer"
"7THJ","Hetero 8-mer, Homo 3-mer"
"7THM","Hetero 5-mer"
"7THO","Hetero 5-mer"
,"Hetero 5-mer"
"7THU","Hetero 26-mer"
"7THV","Hetero 8-mer, Homo 3-mer"
"7THX","Hetero 240-mer"
"7TI8","Hetero 8-mer, Homo 3-mer"
"7TIB","Hetero 8-mer, Homo 3-mer"
"7TIC","Hetero 8-mer, Homo 3-mer"
"7TID","Hetero 8-mer, Homo 3-mer"
"7TIE","Hetero 26-mer"
"7TIH","Hetero 26-mer"
"7TII","Hetero 26-mer"
"7TJF","Hetero 6-mer"
"7TJH","Hetero 7-mer"
"7TJI","Hetero 7-mer"
"7TJJ","Hetero 7-mer"
"7TJK","Hetero 7-mer"
"7TJQ","Hetero 15-mer"
"7TKU","Hetero 8-mer, Homo 3-mer"
"7TL0","Hetero 15-mer"
"7TM0","Hetero 15-mer, Hetero 6-mer"
"7TM3","Hetero 50-mer"
"7TMM","Hetero 16-mer, Hetero 6-mer"
"7TMO","Hetero 15-mer, Hetero 12-mer"
"7TMP","Hetero 15-mer, Hetero 9-mer"
"7TMQ","Hetero 15-mer, Hetero 9-mer"
"7TMR","Hetero 31-mer, Hetero 12-mer"
"7TMS","Hetero 31-mer, Hetero 12-mer"
"7TMT","Hetero 31-mer, Hetero 12-mer"
"7TMZ","Hetero 4-mer"
,"Hetero 4-mer"
"7TN0","Hetero 6-mer"
,"Hetero 6-mer"
"7TN2","Hetero 9-mer, Hetero 8-mer"
"7TN9","Hetero 22-mer, Hetero 12-mer"
"7TNQ","Hetero 100-mer, Homo 18-mer, Hetero 52-mer, Hetero 15-mer, Hetero 20-mer, Hetero 22-mer, Hetero 16-mer, Hetero 26-mer"
"7TNS","Hetero 101-mer, Homo 22-mer, Hetero 52-mer, Hetero 14-mer, Hetero 22-mer"
"7TOO","Hetero 44-mer"
"7TOP","Hetero 44-mer"
"7TOQ","Hetero 78-mer"
"7TOR","Hetero 79-mer, Homo 2-mer"
"7TOS","Hetero 53-mer"
"7TPD","Hetero 4-mer"
,"Hetero 4-mer"
"7TPP","Hetero 5-mer"
"7TPQ","Hetero 4-mer"
"7TPT","Hetero 36-mer, Homo 3-mer"
"7TQL","Hetero 36-mer"
"7TQS","Hetero 22-mer, Hetero 20-mer"
"7TQT","Hetero 22-mer, Hetero 20-mer"
"7TQU","Hetero 14-mer, Hetero 12-mer"
"7TR4","Hetero 5-mer"
"7TR6","Hetero 14-mer, Homo 7-mer, Homo 5-mer"
"7TR8","Hetero 16-mer, Homo 7-mer, Homo 5-mer"
"7TR9","Hetero 16-mer, Homo 7-mer, Homo 5-mer"
"7TRA","Hetero 16-mer, Homo 7-mer, Homo 5-mer"
"7TRC","Hetero 9-mer"
"7TRG","Hetero 9-mer"
"7TRJ","Hetero 10-mer"
"7TRY","Hetero 6-mer"
"7TS0","Hetero 6-mer"
"7TSZ","Hetero 6-mer"
"7TT0","Hetero 5-mer"
"7TT1","Hetero 6-mer"
"7TT2","Hetero 6-mer"
"7TT3","Hetero 6-mer"
"7TT4","Hetero 6-mer"
"7TT5","Hetero 5-mer"
"7TT6","Hetero 5-mer"
"7TT7","Hetero 5-mer"
"7TTC","Hetero 6-mer"
"7TTN","Hetero 9-mer"
"7TTT","Hetero 9-mer"
"7TTU","Hetero 25-mer"
"7TTW","Hetero 25-mer"
"7TUB","Hetero 9-mer"
"7TUD","Hetero 3-mer"
"7TUT","Hetero 52-mer"
"7TUY","Hetero 4-mer"
"7TUZ","Hetero 5-mer"
"7TVE","Hetero 5-mer"
"7TYF","Hetero 7-mer"
"7TYH","Hetero 7-mer"
"7TYI","Hetero 6-mer"
"7TYL","Hetero 6-mer"
"7TYN","Hetero 6-mer"
"7TYO","Hetero 6-mer"
"7TYV","Hetero 12-mer"
"7TYW","Hetero 7-mer"
"7TYX","Hetero 7-mer"
"7TYY","Hetero 7-mer"
"7TZF","Hetero 7-mer"
"7TZO","Hetero 8-mer"
"7U05","Hetero 28-mer"
"7U06","Hetero 27-mer, Homo 2-mer"
"7U0D","Hetero 5-mer"
"7U0H","Hetero 46-mer"
"7U19","Hetero 8-mer, Homo 3-mer"
"7U1A","Hetero 8-mer, Homo 3-mer"
"7U1P","Hetero 8-mer, Homo 3-mer"
"7U22","Hetero 6-mer, Homo 2-mer"
"7U2H","Hetero 49-mer"
,"Hetero 49-mer"
"7U2I","Hetero 49-mer"
,"Hetero 49-mer"
"7U2J","Hetero 50-mer"
,"Hetero 50-mer"
"7U2K","Hetero 4-mer"
"7U2L","Hetero 5-mer"
"7U46","Hetero 9-mer, Hetero 8-mer"
"7U47","Hetero 18-mer"
"7U4D","Hetero 18-mer"
"7U4T","Hetero 36-mer, Homo 9-mer, Hetero 15-mer"
"7U50","Hetero 9-mer, Hetero 8-mer"
"7U51","Hetero 8-mer"
"7U52","Hetero 8-mer"
"7U53","Hetero 8-mer"
"7U5C","Hetero 7-mer"
"7U60","Hetero 5-mer"
,"Hetero 5-mer"
"7U6E","Hetero 6-mer, Homo 2-mer"
"7U7N","Hetero 4-mer"
"7U8G","Hetero 4-mer"
"7U8J","Hetero 4-mer"
"7U8L","Hetero 4-mer"
"7U8M","Hetero 18-mer"
"7U8O","Hetero 36-mer, Homo 9-mer, Hetero 15-mer"
"7U8P","Hetero 35-mer, Homo 9-mer, Hetero 15-mer"
"7U8Q","Hetero 35-mer, Hetero 15-mer"
"7U8R","Hetero 35-mer, Homo 9-mer, Hetero 15-mer"
"7U9F","Hetero 4-mer"
,"Hetero 4-mer"
"7U9V","Hetero 4-mer"
,"Hetero 4-mer"
"7UBM","Hetero 7-mer, Homo 2-mer"
"7UBN","Hetero 8-mer"
"7UBR","Hetero 4-mer"
,"Hetero 4-mer"
"7UCF","Hetero 6-mer"
"7UCG","Hetero 18-mer"
"7UCJ","Hetero 73-mer"
"7UCK","Hetero 73-mer"
"7UCY","Hetero 4-mer"
,"Hetero 4-mer"
"7UD5","Hetero 15-mer, Homo 2-mer, Hetero 8-mer"
"7UDG","Hetero 4-mer"
,"Hetero 4-mer"
"7UDH","Hetero 4-mer"
,"Hetero 4-mer"
"7UDS","Hetero 12-mer"
"7UE0","Hetero 4-mer"
,"Hetero 4-mer"
"7UEA","Hetero 9-mer, Homo 3-mer, Hetero 4-mer"
"7UEB","Hetero 14-mer, Hetero 4-mer, Homo 3-mer"
"7UFH","Hetero 4-mer"
,"Hetero 4-mer"
"7UFJ","Hetero 4-mer"
,"Hetero 4-mer"
"7UG6","Hetero 49-mer"
"7UG7","Hetero 54-mer"
"7UGN","Hetero 18-mer"
"7UGO","Hetero 18-mer"
"7UGP","Hetero 18-mer"
"7UGQ","Hetero 18-mer"
"7UH8","Hetero 4-mer"
,"Hetero 4-mer"
"7UHY","Hetero 20-mer"
"7UIH","Hetero 5-mer"
"7UJD","Hetero 6-mer"
"7UJE","Hetero 4-mer"
,"Hetero 4-mer"
"7UJK","Hetero 4-mer"
,"Hetero 4-mer"
"7UK9","Hetero 4-mer"
,"Hetero 4-mer"
"7UKO","Hetero 4-mer"
,"Hetero 4-mer"
"7UKP","Hetero 4-mer"
,"Hetero 4-mer"
"7UKT","Hetero 4-mer"
,"Hetero 4-mer"
"7UL3","Hetero 4-mer"
"7UL7","Hetero 12-mer"
"7UM0","Hetero 5-mer"
"7UM1","Hetero 5-mer"
"7UM5","Hetero 5-mer"
"7UM6","Hetero 5-mer"
"7UM7","Hetero 5-mer"
"7UMS","Hetero 46-mer, Homo 18-mer, Hetero 4-mer, Homo 3-mer, Homo 2-mer, Hetero 6-mer, Hetero 12-mer"
"7UNB","Hetero 5-mer"
"7UNC","Hetero 29-mer, Hetero 8-mer"
"7UND","Hetero 30-mer, Hetero 8-mer"
"7UNE","Hetero 14-mer, Hetero 9-mer"
"7UNF","Hetero 33-mer, Homo 9-mer, Hetero 12-mer"
"7UNG","Hetero 435-mer, Homo 21-mer, Hetero 6-mer, Hetero 12-mer, Homo 5-mer, Hetero 15-mer, Hetero 9-mer, Hetero 10-mer, Hetero 14-mer"
"7UNK","Hetero 4-mer"
"7UNR","Hetero 52-mer"
"7UNU","Hetero 52-mer"
"7UNV","Hetero 52-mer"
"7UNW","Hetero 52-mer"
"7UOT","Hetero 14-mer, Hetero 12-mer"
"7UOV","Hetero 18-mer"
"7UPH","Hetero 47-mer"
"7UPN","Hetero 8-mer"
"7URD","Hetero 4-mer"
"7URE","Hetero 4-mer"
"7URF","Hetero 4-mer"
"7USC","Hetero 5-mer"
"7USD","Hetero 6-mer"
"7USE","Hetero 7-mer"
"7USL","Hetero 5-mer"
"7USY","Hetero 7-mer, Hetero 6-mer"
"7UTI","Hetero 32-mer, Homo 16-mer, Homo 2-mer"
"7UTL","Hetero 34-mer"
"7UTZ","Hetero 7-mer"
"7UVL","Hetero 5-mer, Homo 2-mer"
"7UW9","Hetero 31-mer, Homo 2-mer, Hetero 12-mer"
"7UWA","Hetero 31-mer, Homo 2-mer, Hetero 12-mer"
"7UWB","Hetero 31-mer, Homo 2-mer, Hetero 12-mer"
"7UWC","Hetero 31-mer, Homo 2-mer, Hetero 12-mer"
"7UWD","Hetero 31-mer, Homo 2-mer, Hetero 12-mer"
"7UX2","Hetero 16-mer"
"7UXC","Hetero 18-mer"
"7UXH","Hetero 36-mer"
"7UY5","Hetero 9-mer"
"7UY6","Hetero 6-mer"
"7UY7","Hetero 5-mer"
"7UY8","Hetero 4-mer"
"7UYM","Hetero 4-mer"
"7UZY","Hetero 9-mer, Homo 4-mer"
"7UZZ","Hetero 10-mer, Homo 4-mer, Homo 3-mer"
"7V00","Hetero 10-mer, Homo 4-mer, Homo 3-mer"
"7V01","Hetero 8-mer, Homo 3-mer"
"7V02","Hetero 8-mer, Homo 3-mer"
"7V0K","Hetero 10-mer, Homo 2-mer"
"7V1M","Hetero 4-mer"
,"Hetero 4-mer"
"7V2C","Hetero 45-mer"
"7V2D","Hetero 45-mer"
"7V2E","Hetero 45-mer"
"7V2F","Hetero 45-mer"
"7V2H","Hetero 45-mer"
"7V2K","Hetero 45-mer"
"7V2L","Hetero 21-mer"
"7V2M","Hetero 22-mer"
"7V2N","Hetero 21-mer"
"7V2O","Hetero 21-mer"
"7V2P","Hetero 21-mer"
"7V2Q","Hetero 22-mer"
"7V2R","Hetero 45-mer"
"7V2W","Hetero 5-mer"
"7V2Y","Hetero 6-mer"
"7V30","Hetero 45-mer"
"7V31","Hetero 45-mer"
"7V32","Hetero 45-mer"
"7V33","Hetero 45-mer"
"7V35","Hetero 6-mer"
"7V3G","Hetero 600-mer"
"7V3H","Hetero 720-mer"
"7V3I","Hetero 600-mer"
"7V3J","Hetero 16-mer"
"7V3M","Hetero 45-mer"
"7V3U","Hetero 12-mer"
"7V3V","Hetero 14-mer, Hetero 12-mer"
"7V5G","Hetero 28-mer, Homo 28-mer"
"7V5M","Hetero 28-mer, Homo 28-mer"
"7V61","Hetero 8-mer"
"7V68","Hetero 5-mer"
"7V69","Hetero 5-mer"
"7V6A","Hetero 5-mer"
"7V6Q","Hetero 4-mer"
,"Hetero 4-mer"
"7V7C","Hetero 8-mer"
"7V8L","Hetero 5-mer, Homo 2-mer"
"7V90","Hetero 8-mer, Homo 8-mer"
"7V96","Hetero 16-mer"
"7V9A","Hetero 9-mer"
"7V9C","Hetero 16-mer, Hetero 8-mer"
"7V9J","Hetero 24-mer"
"7V9K","Hetero 32-mer, Homo 8-mer, Hetero 8-mer"
"7V9L","Hetero 5-mer"
"7V9M","Hetero 6-mer"
"7V9S","Hetero 24-mer, Hetero 8-mer"
"7VA4","Hetero 32-mer, Hetero 16-mer, Hetero 8-mer"
"7VA9","Hetero 64-mer"
"7VAB","Hetero 6-mer"
"7VAI","Hetero 12-mer, Homo 2-mer, Hetero 6-mer"
"7VAJ","Hetero 12-mer, Homo 2-mer, Hetero 6-mer"
"7VAK","Hetero 12-mer, Homo 2-mer, Hetero 6-mer"
"7VAL","Hetero 12-mer, Homo 2-mer, Hetero 6-mer"
"7VAM","Hetero 12-mer, Hetero 6-mer"
"7VAN","Hetero 12-mer, Homo 2-mer, Hetero 6-mer"
"7VAO","Hetero 12-mer, Homo 2-mer, Hetero 6-mer"
"7VAP","Hetero 12-mer, Homo 2-mer, Hetero 6-mer"
"7VAQ","Hetero 12-mer, Homo 2-mer, Hetero 6-mer"
"7VAR","Hetero 12-mer, Hetero 6-mer"
"7VAS","Hetero 12-mer, Hetero 6-mer"
"7VAT","Hetero 12-mer, Homo 2-mer, Hetero 6-mer"
"7VAU","Hetero 12-mer, Homo 2-mer, Hetero 6-mer"
"7VAV","Hetero 12-mer, Homo 2-mer, Hetero 6-mer"
"7VAW","Hetero 12-mer, Homo 2-mer, Hetero 6-mer"
"7VAX","Hetero 12-mer, Homo 2-mer, Hetero 6-mer"
"7VAY","Hetero 12-mer, Homo 2-mer, Hetero 6-mer"
"7VB0","Hetero 12-mer, Homo 2-mer, Hetero 6-mer"
"7VB7","Hetero 18-mer"
"7VB9","Hetero 51-mer, Hetero 8-mer, Homo 2-mer, Hetero 10-mer"
"7VBA","Hetero 13-mer"
"7VBB","Hetero 13-mer"
"7VBC","Hetero 13-mer"
"7VBH","Hetero 6-mer"
"7VBI","Hetero 6-mer"
"7VBL","Hetero 29-mer"
"7VBM","Hetero 8-mer, Homo 8-mer"
"7VBN","Hetero 18-mer"
"7VBP","Hetero 29-mer"
"7VBY","Hetero 10-mer"
"7VBZ","Hetero 18-mer"
"7VC0","Hetero 29-mer"
"7VC4","Hetero 10-mer"
"7VCF","Hetero 15-mer"
"7VCI","Hetero 21-mer"
"7VCQ","Hetero 4-mer"
,"Hetero 3-mer"
,"Hetero 3-mer"
"7VD2","Hetero 10-mer"
"7VD5","Hetero 68-mer"
"7VDD","Hetero 10-mer"
"7VDH","Hetero 5-mer"
"7VDL","Hetero 6-mer"
"7VDM","Hetero 6-mer"
"7VDT","Hetero 9-mer, Hetero 8-mer"
"7VDV","Hetero 22-mer, Hetero 8-mer"
"7VEA","Hetero 90-mer"
"7VEB","Hetero 27-mer, Hetero 24-mer"
"7VF9","Hetero 6-mer, Homo 2-mer"
"7VFJ","Hetero 6-mer, Hetero 4-mer"
"7VFP","Hetero 6-mer, Hetero 4-mer"
"7VFU","Hetero 4-mer"
"7VFX","Hetero 6-mer"
"7VGX","Hetero 6-mer"
"7VGY","Hetero 5-mer"
"7VGZ","Hetero 5-mer"
"7VH0","Hetero 5-mer"
"7VIE","Hetero 5-mer"
"7VIF","Hetero 5-mer"
"7VIG","Hetero 5-mer"
"7VIH","Hetero 5-mer"
"7VKT","Hetero 5-mer"
"7VKU","Hetero 4-mer"
"7VL8","Hetero 5-mer"
"7VL9","Hetero 6-mer"
"7VLA","Hetero 6-mer"
"7VLC","Hetero 24-mer, Homo 24-mer"
"7VLD","Hetero 24-mer, Homo 24-mer"
"7VLE","Hetero 24-mer, Homo 24-mer"
"7VLF","Hetero 24-mer, Homo 24-mer"
"7VLK","Hetero 12-mer"
"7VMG","Hetero 6-mer"
"7VMJ","Hetero 6-mer"
"7VMK","Hetero 6-mer"
"7VNM","Hetero 30-mer, Homo 2-mer"
"7VNY","Hetero 33-mer"
"7VOP","Hetero 32-mer"
"7VOR","Hetero 66-mer"
"7VOT","Hetero 66-mer"
"7VOY","Hetero 37-mer, Hetero 34-mer"
"7VPD","Hetero 9-mer, Homo 2-mer"
"7VPZ","Hetero 8-mer, Homo 2-mer"
"7VQX","Hetero 6-mer"
"7VRJ","Hetero 36-mer, Homo 16-mer"
"7VUG","Hetero 5-mer"
"7VUH","Hetero 5-mer"
"7VUI","Hetero 5-mer"
"7VUJ","Hetero 5-mer"
"7VUW","Hetero 13-mer"
,"Hetero 13-mer"
"7VUY","Hetero 5-mer"
"7VUZ","Hetero 5-mer"
"7VV3","Hetero 5-mer"
"7VV5","Hetero 5-mer"
"7VVJ","Hetero 6-mer"
"7VVK","Hetero 6-mer"
"7VVL","Hetero 6-mer"
"7VVM","Hetero 6-mer"
"7VVN","Hetero 6-mer"
"7VVO","Hetero 6-mer"
"7VVR","Hetero 13-mer"
,"Hetero 13-mer"
"7VVU","Hetero 13-mer, Hetero 8-mer"
"7VVY","Hetero 6-mer"
"7VVZ","Hetero 19-mer, Hetero 8-mer"
"7VW7","Hetero 8-mer, Hetero 6-mer"
"7VWJ","Hetero 18-mer"
"7VWL","Hetero 29-mer"
"7VWY","Hetero 7-mer"
"7VWZ","Hetero 8-mer"
"7VXH","Hetero 240-mer"
"7VXP","Hetero 18-mer"
"7VXS","Hetero 29-mer"
"7VXU","Hetero 18-mer"
"7VXZ","Hetero 300-mer"
"7VY0","Hetero 240-mer"
"7VY1","Hetero 29-mer"
"7VY2","Hetero 66-mer, Homo 28-mer, Hetero 8-mer, Hetero 4-mer, Homo 3-mer"
"7VY3","Hetero 25-mer"
"7VY5","Hetero 300-mer"
"7VY6","Hetero 300-mer"
"7VY8","Hetero 18-mer"
"7VY9","Hetero 29-mer"
"7VYA","Hetero 18-mer"
"7VYE","Hetero 29-mer"
"7VYF","Hetero 18-mer"
"7VYG","Hetero 29-mer"
"7VYH","Hetero 18-mer"
"7VYI","Hetero 29-mer"
"7VYK","Hetero 300-mer"
"7VYL","Hetero 300-mer"
"7VYM","Hetero 300-mer"
"7VYN","Hetero 18-mer"
"7VYS","Hetero 29-mer"
"7VZ1","Hetero 18-mer"
"7VZ8","Hetero 29-mer"
"7VZR","Hetero 12-mer, Hetero 10-mer"
"7VZV","Hetero 45-mer"
"7VZW","Hetero 45-mer"
"7W00","Hetero 45-mer"
"7W0H","Hetero 45-mer"
"7W0L","Hetero 6-mer, Homo 2-mer"
"7W0M","Hetero 5-mer"
"7W0N","Hetero 8-mer, Hetero 4-mer"
"7W0O","Hetero 6-mer"
"7W0P","Hetero 6-mer"
"7W0R","Hetero 45-mer"
"7W14","Hetero 300-mer"
"7W17","Hetero 240-mer"
"7W1O","Hetero 45-mer"
"7W1P","Hetero 45-mer"
"7W1T","Hetero 45-mer"
"7W1U","Hetero 45-mer"
"7W1V","Hetero 45-mer"
"7W1Z","Hetero 45-mer"
"7W20","Hetero 45-mer"
"7W2K","Hetero 45-mer"
"7W2Z","Hetero 6-mer"
"7W37","Hetero 47-mer, Hetero 28-mer"
"7W38","Hetero 48-mer, Hetero 28-mer"
"7W39","Hetero 49-mer, Hetero 28-mer"
"7W3A","Hetero 49-mer, Hetero 28-mer"
"7W3B","Hetero 49-mer, Hetero 28-mer"
"7W3C","Hetero 49-mer, Hetero 28-mer"
"7W3E","Hetero 19-mer, Hetero 12-mer"
,"Hetero 13-mer"
"7W3F","Hetero 49-mer, Hetero 28-mer"
"7W3G","Hetero 49-mer, Hetero 28-mer"
"7W3H","Hetero 49-mer, Hetero 28-mer"
"7W3I","Hetero 48-mer, Hetero 28-mer"
"7W3J","Hetero 48-mer, Hetero 28-mer"
"7W3K","Hetero 48-mer, Hetero 28-mer"
"7W3M","Hetero 48-mer, Hetero 28-mer"
"7W4F","Hetero 45-mer"
"7W4G","Hetero 45-mer"
"7W4J","Hetero 45-mer"
"7W4K","Hetero 45-mer"
"7W4L","Hetero 45-mer"
"7W4M","Hetero 45-mer"
"7W4N","Hetero 45-mer"
"7W4Q","Hetero 45-mer"
"7W53","Hetero 6-mer"
"7W55","Hetero 6-mer"
"7W56","Hetero 6-mer"
"7W57","Hetero 6-mer"
"7W59","Hetero 45-mer, Homo 4-mer"
"7W5A","Hetero 49-mer, Homo 4-mer"
"7W5B","Hetero 50-mer, Homo 4-mer"
"7W5W","Hetero 7-mer"
"7W5X","Hetero 7-mer"
"7W5Y","Hetero 7-mer"
"7W5Z","Hetero 116-mer"
"7W67","Hetero 4-mer"
"7W6I","Hetero 4-mer"
"7W6J","Hetero 4-mer"
"7W6L","Hetero 7-mer, Homo 2-mer"
"7W6P","Hetero 5-mer"
"7W72","Hetero 5-mer"
"7W7E","Hetero 5-mer"
"7W7G","Hetero 4-mer"
"7W8G","Hetero 12-mer"
"7W9V","Hetero 9-mer, Hetero 8-mer"
"7WB4","Hetero 27-mer"
"7WBH","Hetero 9-mer"
"7WBJ","Hetero 6-mer"
"7WCM","Hetero 5-mer"
"7WCN","Hetero 5-mer"
"7WE6","Hetero 20-mer"
"7WF7","Hetero 5-mer"
"7WFD","Hetero 16-mer"
"7WFE","Hetero 16-mer"
"7WFF","Hetero 17-mer"
"7WFG","Hetero 9-mer"
"7WG5","Hetero 58-mer, Homo 2-mer"
"7WHZ","Hetero 7-mer, Homo 2-mer"
"7WI0","Hetero 7-mer, Homo 2-mer"
"7WIC","Hetero 6-mer"
"7WIG","Hetero 5-mer"
"7WJ5","Hetero 6-mer"
"7WJI","Hetero 5-mer"
"7WKD","Hetero 6-mer"
"7WKK","Hetero 30-mer"
"7WLD","Hetero 5-mer"
"7WLR","Hetero 8-mer"
"7WOO","Hetero 12-mer"
"7WOT","Hetero 24-mer"
"7WPD","Hetero 6-mer"
"7WPE","Hetero 9-mer, Homo 2-mer"
"7WPF","Hetero 12-mer"
"7WQ3","Hetero 6-mer"
"7WQ4","Hetero 6-mer"
"7WTL","Hetero 18-mer"
"7WTM","Hetero 16-mer"
"7WTN","Hetero 17-mer"
"7WTO","Hetero 15-mer"
"7WTP","Hetero 18-mer"
"7WTQ","Hetero 17-mer"
"7WTR","Hetero 18-mer"
"7WTS","Hetero 22-mer"
"7WTT","Hetero 33-mer"
"7WTU","Hetero 32-mer"
"7WTV","Hetero 34-mer"
"7WTW","Hetero 36-mer"
"7WTX","Hetero 33-mer"
"7WTZ","Hetero 33-mer"
"7WU0","Hetero 34-mer"
"7WU2","Hetero 5-mer"
"7WU3","Hetero 5-mer"
"7WU4","Hetero 4-mer"
"7WU5","Hetero 4-mer"
"7WU7","Hetero 22-mer, Hetero 16-mer"
"7WU9","Hetero 5-mer"
"7WUG","Hetero 5-mer"
"7WUI","Hetero 7-mer"
"7WUJ","Hetero 6-mer"
"7WUQ","Hetero 5-mer"
"7WV9","Hetero 5-mer"
"7WVD","Hetero 10-mer, Hetero 6-mer"
"7WVG","Hetero 12-mer"
"7WVU","Hetero 5-mer"
"7WVV","Hetero 5-mer"
"7WVW","Hetero 5-mer"
"7WVX","Hetero 5-mer"
"7WVY","Hetero 5-mer"
"7WXU","Hetero 5-mer"
"7WXW","Hetero 5-mer"
"7WY0","Hetero 5-mer"
"7WY5","Hetero 5-mer"
"7WY8","Hetero 5-mer"
"7WYB","Hetero 5-mer"
"7WZ4","Hetero 5-mer"
"7WZ7","Hetero 5-mer"
"7X10","Hetero 5-mer"
"7X1M","Hetero 7-mer, Homo 2-mer"
"7X1T","Hetero 6-mer"
"7X1U","Hetero 6-mer"
"7X2C","Hetero 5-mer"
"7X2D","Hetero 5-mer"
"7X2F","Hetero 5-mer"
"7X2G","Hetero 300-mer"
"7X2I","Hetero 360-mer"
"7X2K","Hetero 4-mer"
"7X2O","Hetero 360-mer"
"7X2T","Hetero 360-mer"
"7X2V","Hetero 5-mer"
"7X2W","Hetero 360-mer"
"7X37","Hetero 300-mer"
"7X38","Hetero 300-mer"
"7X3C","Hetero 480-mer"
"7X3D","Hetero 360-mer"
"7X3E","Hetero 360-mer"
"7X3F","Hetero 300-mer"
"7X40","Hetero 360-mer"
"7X42","Hetero 360-mer"
"7X46","Hetero 300-mer"
"7X47","Hetero 300-mer"
"7X49","Hetero 360-mer"
"7X4K","Hetero 300-mer"
"7X4M","Hetero 360-mer"
"7X4N","Hetero 4-mer"
"7X5H","Hetero 5-mer"
"7X6L","Hetero 12-mer"
"7X6O","Hetero 12-mer"
"7X74","Hetero 10-mer, Homo 4-mer, Homo 2-mer"
"7X75","Hetero 13-mer, Homo 6-mer, Homo 2-mer"
"7X76","Hetero 11-mer, Homo 4-mer, Homo 2-mer"
"7X7T","Hetero 7-mer"
"7X7U","Hetero 7-mer"
"7X7V","Hetero 7-mer"
"7X8R","Hetero 5-mer"
"7X8S","Hetero 5-mer"
"7X9A","Hetero 5-mer"
"7X9B","Hetero 5-mer"
"7X9C","Hetero 5-mer"
"7X9Y","Hetero 5-mer"
"7XA3","Hetero 6-mer"
"7XAT","Hetero 6-mer"
"7XAU","Hetero 6-mer"
"7XAV","Hetero 6-mer"
"7XAY","Hetero 5-mer"
"7XBD","Hetero 6-mer"
"7XBW","Hetero 4-mer"
"7XBX","Hetero 4-mer"
"7XCP","Hetero 4-mer"
"7XCR","Hetero 10-mer, Hetero 8-mer"
"7XCT","Hetero 12-mer"
"7XD0","Hetero 10-mer"
"7XD1","Hetero 8-mer"
"7XDI","Hetero 42-mer"
"7XHA","Hetero 4-mer"
"7XHB","Hetero 4-mer"
"7XHN","Hetero 18-mer"
"7XHO","Hetero 17-mer"
"7XJH","Hetero 5-mer"
"7XJI","Hetero 5-mer"
"7XJK","Hetero 6-mer"
"7XJL","Hetero 6-mer"
"7XK3","Hetero 6-mer"
"7XK4","Hetero 6-mer"
"7XK5","Hetero 6-mer"
"7XK6","Hetero 6-mer"
"7XK7","Hetero 6-mer"
"7XKD","Hetero 5-mer"
"7XKE","Hetero 5-mer"
"7XKF","Hetero 5-mer"
"7XKH","Hetero 8-mer, Hetero 6-mer"
"7XKQ","Hetero 8-mer, Hetero 6-mer"
"7XKR","Hetero 8-mer, Hetero 6-mer"
"7XL3","Hetero 7-mer, Homo 2-mer"
"7XL4","Hetero 7-mer, Homo 2-mer"
"7XMA","Hetero 13-mer"
,"Hetero 13-mer"
"7XMB","Hetero 13-mer"
,"Hetero 13-mer"
"7XMC","Hetero 4-mer"
"7XMD","Hetero 4-mer"
"7XMR","Hetero 5-mer"
"7XMS","Hetero 6-mer"
"7XMT","Hetero 5-mer"
"7XN7","Hetero 22-mer"
"7XNO","Hetero 12-mer"
"7XOD","Hetero 12-mer"
"7XOU","Hetero 6-mer"
"7XOV","Hetero 5-mer"
"7XOW","Hetero 6-mer"
"7XOX","Hetero 6-mer"
"7XP4","Hetero 5-mer"
"7XP5","Hetero 5-mer"
"7XP6","Hetero 5-mer"
"7XPX","Hetero 9-mer, Hetero 8-mer"
"7XQ8","Hetero 6-mer, Homo 2-mer"
"7XSE","Hetero 30-mer, Hetero 8-mer"
"7XST","Hetero 15-mer, Homo 3-mer"
"7XSX","Hetero 32-mer, Hetero 6-mer"
"7XSZ","Hetero 30-mer, Hetero 8-mer"
"7XT7","Hetero 32-mer, Hetero 8-mer"
"7XT8","Hetero 5-mer"
"7XT9","Hetero 4-mer"
"7XTA","Hetero 5-mer"
"7XTB","Hetero 5-mer"
"7XTC","Hetero 5-mer"
"7XTD","Hetero 32-mer, Hetero 6-mer"
"7XTI","Hetero 30-mer, Hetero 4-mer"
"7XTQ","Hetero 5-mer"
"7XUE","Hetero 5-mer, Homo 2-mer"
"7XUG","Hetero 5-mer, Homo 2-mer"
"7XUI","Hetero 6-mer, Homo 2-mer"
"7XW5","Hetero 7-mer"
"7XW6","Hetero 7-mer"
"7XW9","Hetero 6-mer"
"7XXA","Hetero 300-mer"
"7XXF","Hetero 47-mer, Hetero 32-mer"
"7XXG","Hetero 240-mer"
"7XXJ","Hetero 240-mer"
"7XYA","Hetero 7-mer, Homo 2-mer"
"7XYB","Hetero 6-mer, Homo 2-mer"
"7XZ5","Hetero 5-mer"
"7XZ6","Hetero 5-mer"
"7XZI","Hetero 14-mer"
"7XZJ","Hetero 8-mer"
"7XZX","Hetero 12-mer, Homo 4-mer, Hetero 8-mer"
"7XZY","Hetero 8-mer"
"7XZZ","Hetero 12-mer, Homo 4-mer, Hetero 8-mer"
"7Y00","Hetero 8-mer"
"7Y0W","Hetero 5-mer"
"7Y12","Hetero 5-mer"
"7Y15","Hetero 5-mer"
"7Y1A","Hetero 14-mer, Hetero 12-mer"
"7Y24","Hetero 6-mer"
"7Y26","Hetero 6-mer"
"7Y27","Hetero 6-mer"
"7Y44","Hetero 13-mer"
,"Hetero 13-mer"
"7Y4L","Hetero 716-mer"
"7Y5B","Hetero 20-mer, Homo 9-mer, Hetero 6-mer"
"7Y5C","Hetero 20-mer, Homo 9-mer, Homo 3-mer"
"7Y5D","Hetero 20-mer, Homo 9-mer, Hetero 6-mer"
"7Y5T","Hetero 4-mer"
"7Y5X","Hetero 4-mer"
"7Y5Z","Hetero 4-mer"
"7Y7I","Hetero 10-mer"
"7Y7M","Hetero 360-mer"
"7Y89","Hetero 5-mer"
"7Y8R","Hetero 25-mer, Hetero 8-mer"
"7YAR","Hetero 720-mer"
"7YDI","Hetero 4-mer"
"7YE1","Hetero 7-mer"
"7YE2","Hetero 7-mer"
"7YEG","Hetero 12-mer"
"7YFZ","Hetero 42-mer"
"7YI8","Hetero 4-mer"
"7YI9","Hetero 4-mer"
"7YLA","Hetero 30-mer"
"7YMS","Hetero 360-mer"
"7YP7","Hetero 5-mer"
"7YP9","Hetero 5-mer, Homo 2-mer"
"7YPA","Hetero 5-mer, Homo 2-mer"
"7YPB","Hetero 5-mer, Homo 2-mer"
"7YPY","Hetero 13-mer"
,"Hetero 13-mer"
"7YQ2","Hetero 39-mer, Hetero 38-mer"
"7YQ7","Hetero 39-mer, Hetero 38-mer"
"7YQK","Hetero 11-mer, Hetero 8-mer"
"7YRF","Hetero 300-mer"
"7YRH","Hetero 300-mer"
"7YU3","Hetero 5-mer"
"7YU5","Hetero 5-mer"
"7YU6","Hetero 5-mer"
"7YU7","Hetero 5-mer"
"7YU8","Hetero 5-mer"
"7YV7","Hetero 300-mer"
"7YWX","Hetero 25-mer, Hetero 8-mer"
"7YYH","Hetero 21-mer, Hetero 8-mer"
"7Z0F","Hetero 4-mer"
"7Z0G","Hetero 4-mer"
,"Hetero 4-mer"
"7Z0O","Hetero 8-mer"
"7Z0S","Hetero 6-mer"
"7Z0T","Hetero 7-mer"
"7Z10","Hetero 9-mer"
"7Z13","Hetero 26-mer"
"7Z14","Hetero 7-mer, Homo 2-mer"
"7Z15","Hetero 12-mer"
"7Z16","Hetero 12-mer"
"7Z17","Hetero 10-mer, Homo 2-mer"
"7Z18","Hetero 10-mer"
"7Z19","Hetero 9-mer, Hetero 8-mer"
"7Z1L","Hetero 17-mer"
"7Z1M","Hetero 17-mer"
"7Z1N","Hetero 14-mer"
"7Z1O","Hetero 17-mer"
"7Z20","Hetero 29-mer"
"7Z2N","Hetero 6-mer"
"7Z2P","Hetero 6-mer"
"7Z34","Hetero 54-mer"
"7Z3A","Hetero 16-mer, Hetero 12-mer"
"7Z42","Hetero 5-mer"
,"Hetero 5-mer"
"7Z43","Hetero 5-mer"
"7Z47","Hetero 54-mer"
"7Z4A","Hetero 133-mer, Homo 85-mer, Hetero 24-mer"
"7Z4B","Hetero 804-mer, Homo 720-mer, Homo 12-mer, Hetero 36-mer, Hetero 12-mer, Hetero 24-mer"
,"Homo 490-mer"
,"Homo 230-mer"
,"Hetero 84-mer"
"7Z4F","Hetero 66-mer"
"7Z4O","Hetero 4-mer"
,"Hetero 4-mer"
"7Z50","Hetero 5-mer"
,"Hetero 5-mer"
"7Z5C","Hetero 4-mer"
"7Z6H","Hetero 8-mer"
"7Z6L","Hetero 4-mer"
"7Z76","Hetero 4-mer"
"7Z77","Hetero 4-mer"
"7Z7D","Hetero 6-mer"
"7Z7R","Hetero 13-mer"
"7Z7S","Hetero 13-mer"
"7Z7T","Hetero 13-mer"
"7Z7V","Hetero 13-mer"
"7Z80","Hetero 13-mer"
"7Z83","Hetero 13-mer"
"7Z84","Hetero 13-mer"
"7Z8B","Hetero 4-mer"
"7Z8F","Hetero 43-mer, Homo 8-mer, Homo 2-mer"
"7Z8I","Hetero 17-mer, Homo 6-mer"
"7Z8J","Hetero 9-mer"
"7Z8K","Hetero 9-mer"
"7Z8M","Hetero 9-mer"
"7ZAG","Hetero 30-mer"
"7ZAH","Hetero 30-mer"
"7ZAI","Hetero 29-mer"
"7ZC5","Hetero 13-mer"
"7ZC6","Hetero 6-mer"
"7ZCI","Hetero 13-mer"
"7ZCW","Hetero 8-mer"
"7ZD6","Hetero 45-mer"
"7ZDH","Hetero 45-mer"
"7ZDJ","Hetero 45-mer"
"7ZDM","Hetero 45-mer"
"7ZDP","Hetero 45-mer"
"7ZEB","Hetero 45-mer"
"7ZF3","Hetero 5-mer"
"7ZF4","Hetero 4-mer"
"7ZF5","Hetero 5-mer"
,"Hetero 5-mer"
"7ZFA","Hetero 5-mer"
,"Hetero 5-mer"
,"Hetero 5-mer"
,"Hetero 5-mer"
"7ZFB","Hetero 6-mer"
,"Hetero 6-mer"
"7ZFC","Hetero 6-mer"
"7ZFE","Hetero 4-mer"
,"Hetero 4-mer"
,"Hetero 4-mer"
,"Hetero 4-mer"
"7ZG0","Hetero 8-mer"
"7ZGP","Hetero 4-mer"
"7ZGQ","Hetero 4-mer"
"7ZGR","Hetero 5-mer"
"7ZHG","Hetero 28-mer"
"7ZJW","Hetero 79-mer"
"7ZJX","Hetero 77-mer"
"7ZKP","Hetero 14-mer"
"7ZKQ","Hetero 5-mer"
"7ZLG","Hetero 5-mer"
"7ZLH","Hetero 4-mer"
"7ZLI","Hetero 4-mer"
"7ZLJ","Hetero 5-mer"
"7ZLK","Hetero 16-mer, Hetero 9-mer"
"7ZM7","Hetero 43-mer"
"7ZM8","Hetero 26-mer"
"7ZMB","Hetero 43-mer"
"7ZME","Hetero 26-mer"
"7ZMG","Hetero 43-mer"
"7ZMH","Hetero 26-mer"
"7ZNQ","Hetero 6-mer, Hetero 4-mer"
"7ZNT","Hetero 4-mer"
,"Hetero 4-mer"
"7ZOD","Hetero 28-mer"
"7ZP8","Hetero 29-mer"
"7ZQ5","Hetero 28-mer"
"7ZQ6","Hetero 29-mer"
"7ZQ9","Hetero 24-mer, Hetero 6-mer"
"7ZQC","Hetero 20-mer"
"7ZQD","Hetero 40-mer"
"7ZR5","Hetero 5-mer, Homo 2-mer"
"7ZR6","Hetero 5-mer, Homo 2-mer"
"7ZRD","Hetero 4-mer"
"7ZRE","Hetero 4-mer"
"7ZRG","Hetero 4-mer"
"7ZRH","Hetero 4-mer"
"7ZRI","Hetero 4-mer"
"7ZRJ","Hetero 4-mer"
"7ZRK","Hetero 4-mer"
"7ZRL","Hetero 4-mer"
"7ZRM","Hetero 4-mer"
"7ZS9","Hetero 36-mer, Hetero 8-mer"
"7ZSA","Hetero 36-mer, Hetero 8-mer"
"7ZSB","Hetero 36-mer, Hetero 8-mer"
"7ZU0","Hetero 6-mer"
"7ZVY","Homo 2-mer"
,"Homo 2-mer"
,"Homo 2-mer"
,"Homo 2-mer"
"7ZW0","Hetero 79-mer"
"7ZWC","Hetero 8-mer"
"7ZWD","Hetero 22-mer"
"7ZWM","Hetero 10-mer"
"7ZX2","Hetero 6-mer"
"7ZX7","Hetero 22-mer"
"7ZX8","Hetero 22-mer"
"7ZXE","Hetero 8-mer"
"7ZXF","Hetero 5-mer"
"7ZXK","Hetero 4-mer"
,"Hetero 4-mer"
"7ZXU","Hetero 4-mer"
"7ZXY","Hetero 16-mer"
"7ZYI","Hetero 4-mer"
"7ZYJ","Hetero 28-mer, Homo 28-mer"
"7ZYV","Hetero 18-mer"
"8A0L","Hetero 6-mer"
"8A1E","Hetero 15-mer"
"8A22","Hetero 106-mer, Homo 2-mer"
"8A3T","Hetero 19-mer, Homo 2-mer"
"8A43","Hetero 12-mer"
"8A57","Hetero 29-mer"
"8A5A","Hetero 5-mer"
"8A5D","Hetero 5-mer"
"8A5I","Hetero 27-mer"
"8A5O","Hetero 5-mer"
"8A5P","Hetero 5-mer"
"8A5Q","Hetero 5-mer"
"8A5Y","Hetero 17-mer, Homo 2-mer"
"8A61","Hetero 17-mer, Homo 2-mer"
"8A63","Hetero 27-mer"
"8A9J","Hetero 5-mer"
"8A9K","Hetero 5-mer"
"8A9T","Hetero 6-mer"
"8A9Z","Hetero 6-mer"
"8AAG","Hetero 9-mer, Hetero 8-mer"
"8AB6","Hetero 20-mer"
"8AB7","Hetero 20-mer"
"8AB8","Hetero 20-mer, Hetero 18-mer"
"8AB9","Hetero 20-mer, Hetero 18-mer"
"8ABA","Hetero 20-mer, Hetero 18-mer"
"8ABB","Hetero 20-mer, Hetero 18-mer"
"8ABE","Hetero 20-mer, Hetero 18-mer"
"8ABF","Hetero 20-mer, Hetero 18-mer"
"8ABG","Hetero 20-mer, Hetero 18-mer"
"8ABH","Hetero 20-mer, Hetero 18-mer"
"8ABI","Hetero 20-mer, Hetero 18-mer"
"8ABJ","Hetero 20-mer, Hetero 18-mer"
"8ABK","Hetero 20-mer, Hetero 18-mer"
"8ABL","Hetero 20-mer"
"8ABM","Hetero 20-mer, Hetero 18-mer"
"8ABY","Hetero 5-mer, Homo 2-mer"
"8ABZ","Hetero 5-mer, Homo 2-mer"
"8AC0","Hetero 5-mer, Homo 2-mer"
"8AC1","Hetero 5-mer, Homo 2-mer"
"8AC2","Hetero 5-mer, Homo 2-mer"
"8AC3","Hetero 20-mer, Hetero 18-mer"
"8AC4","Hetero 20-mer, Hetero 18-mer"
"8AC5","Hetero 20-mer, Hetero 18-mer"
"8ACP","Hetero 5-mer, Homo 2-mer"
"8AD1","Hetero 6-mer, Homo 2-mer"
"8ADG","Hetero 6-mer"
"8ADI","Hetero 6-mer"
"8ADL","Hetero 22-mer"
"8ADN","Hetero 30-mer"
"8AE6","Hetero 4-mer"
"8AGB","Hetero 8-mer"
"8AGC","Hetero 9-mer"
"8AGE","Hetero 9-mer"
"8AHM","Hetero 6-mer"
"8AMZ","Hetero 17-mer"
"8AP4","Hetero 30-mer"
"8AP6","Hetero 80-mer"
"8AP7","Hetero 30-mer"
"8AP8","Hetero 5-mer"
"8APN","Hetero 106-mer, Homo 2-mer"
"8ASN","Hetero 9-mer, Homo 2-mer"
"8ASV","Hetero 10-mer, Hetero 6-mer"
"8AT2","Hetero 4-mer"
"8AT3","Hetero 8-mer"
"8AT4","Hetero 8-mer"
"8AT5","Hetero 240-mer"
"8ATF","Hetero 10-mer, Hetero 8-mer"
"8AV6","Hetero 18-mer, Hetero 6-mer, Hetero 8-mer"
"8B0X","Hetero 48-mer"
"8B1R","Hetero 5-mer"
"8B1T","Hetero 4-mer"
"8B1U","Hetero 4-mer"
"8B6L","Hetero 16-mer"
"8B7Y","Hetero 46-mer"
"8B8R","Hetero 300-mer"
"8B9F","Hetero 4-mer"
"8B9Z","Hetero 43-mer"
"8BA0","Hetero 43-mer"
"8BB2","Hetero 4-mer"
"8BB3","Hetero 4-mer"
"8BB4","Hetero 4-mer"
"8BB5","Hetero 4-mer"
"8BBE","Hetero 4-mer"
"8BBG","Hetero 6-mer"
"8BD5","Hetero 10-mer, Homo 7-mer"
"8BD7","Hetero 26-mer"
"8BDA","Hetero 5-mer"
"8BED","Hetero 8-mer"
"8BEE","Hetero 10-mer"
"8BEF","Hetero 22-mer"
"8BEH","Hetero 13-mer"
"8BEL","Hetero 14-mer"
"8BEP","Hetero 8-mer"
"8BH5","Hetero 4-mer"
"8BPX","Hetero 67-mer, Hetero 20-mer"
"8C00","Hetero 25-mer"
"8C01","Hetero 30-mer"
"8C0F","Hetero 6-mer"
"8CRT","Hetero 8-mer, Hetero 4-mer"
"8CS9","Hetero 18-mer"
"8CSL","Hetero 19-mer"
"8CSP","Hetero 32-mer"
"8CSQ","Hetero 32-mer"
"8CSR","Hetero 33-mer"
"8CSS","Hetero 32-mer"
"8CST","Hetero 31-mer"
"8CSU","Hetero 32-mer"
"8CTE","Hetero 14-mer, Homo 4-mer, Homo 2-mer"
"8CVJ","Hetero 50-mer"
,"Hetero 50-mer"
"8CVK","Hetero 50-mer"
,"Hetero 50-mer"
"8CVL","Hetero 50-mer"
,"Hetero 50-mer"
"8CVR","Hetero 28-mer, Homo 28-mer"
"8CVS","Hetero 29-mer, Hetero 28-mer"
"8CVT","Hetero 46-mer, Hetero 28-mer"
"8CW9","Hetero 15-mer"
"8CWV","Hetero 4-mer"
"8CX4","Hetero 5-mer"
"8CXB","Hetero 35-mer, Hetero 28-mer"
"8CXP","Hetero 240-mer"
"8CYJ","Hetero 5-mer"
"8D0B","Hetero 7-mer"
"8D0K","Hetero 7-mer"
"8D4T","Hetero 13-mer"
"8D5C","Hetero 15-mer"
"8D5Q","Hetero 4-mer"
"8D6X","Hetero 41-mer, Homo 7-mer, Hetero 28-mer"
"8D6Y","Hetero 41-mer, Homo 7-mer, Homo 6-mer, Hetero 28-mer"
"8D8J","Hetero 15-mer"
"8D8K","Hetero 34-mer"
"8D8L","Hetero 34-mer"
"8D8Q","Hetero 5-mer"
"8D9R","Hetero 60-mer"
"8D9S","Hetero 60-mer, Homo 18-mer, Homo 6-mer"
"8D9T","Hetero 54-mer"
"8D9U","Hetero 54-mer"
"8D9V","Hetero 18-mer"
"8DAO","Hetero 5-mer"
,"Hetero 5-mer"
"8DAS","Hetero 10-mer, Homo 6-mer"
"8DAT","Hetero 11-mer, Homo 6-mer"
"8DAU","Hetero 11-mer"
"8DAV","Hetero 11-mer"
"8DAW","Hetero 12-mer"
"8DB4","Hetero 5-mer, Homo 2-mer"
,"Hetero 5-mer, Homo 2-mer"
"8DCR","Hetero 5-mer"
"8DCS","Hetero 5-mer"
"8DD2","Hetero 9-mer, Homo 2-mer"
"8DD3","Hetero 9-mer, Homo 2-mer"
"8DDW","Hetero 10-mer, Hetero 8-mer"
"8DDX","Hetero 10-mer, Hetero 8-mer"
"8DF5","Hetero 12-mer"
"8DH6","Hetero 9-mer"
"8DHB","Hetero 10-mer"
"8DIQ","Hetero 6-mer"
"8DJK","Hetero 5-mer"
"8DJM","Hetero 5-mer"
"8DL7","Hetero 4-mer"
"8DPF","Hetero 5-mer"
"8DPG","Hetero 5-mer"
"8DPH","Hetero 5-mer"
"8DPI","Hetero 5-mer"
"8DQW","Hetero 8-mer"
"8DQX","Hetero 8-mer"
"8DQZ","Hetero 8-mer, Homo 3-mer"
"8DR0","Hetero 8-mer, Homo 3-mer"
"8DR1","Hetero 8-mer, Homo 3-mer"
"8DR3","Hetero 8-mer, Homo 3-mer"
"8DR4","Hetero 8-mer, Homo 3-mer"
"8DR5","Hetero 8-mer, Homo 3-mer"
"8DR6","Hetero 8-mer, Homo 3-mer"
"8DR7","Hetero 8-mer, Homo 3-mer"
"8DU4","Hetero 11-mer, Hetero 8-mer"
"8DUA","Hetero 12-mer"
"8DVD","Hetero 8-mer, Hetero 6-mer"
"8DW2","Hetero 6-mer"
"8DW3","Hetero 6-mer"
"8DWC","Hetero 6-mer"
"8DWG","Hetero 6-mer"
"8DWH","Hetero 4-mer"
"8DXU","Hetero 5-mer"
"8E3F","Hetero 6-mer, Homo 2-mer"
"8E3X","Hetero 6-mer"
"8E3Y","Hetero 6-mer"
"8E3Z","Hetero 6-mer"
"8E5K","Hetero 6-mer, Homo 2-mer"
"8E5O","Hetero 6-mer, Homo 2-mer"
"8E6X","Hetero 6-mer, Homo 2-mer"
"8E6Z","Hetero 6-mer, Homo 2-mer"
"8E73","Hetero 68-mer, Hetero 20-mer"
"8E99","Hetero 5-mer, Homo 2-mer"
"8E9G","Hetero 15-mer"
"8E9H","Hetero 15-mer"
"8E9I","Hetero 15-mer"
"8E9W","Hetero 5-mer"
"8E9X","Hetero 5-mer"
"8E9Y","Hetero 5-mer"
"8E9Z","Hetero 5-mer"
"8EA3","Hetero 23-mer, Homo 12-mer, Hetero 4-mer"
"8EA4","Hetero 24-mer, Homo 13-mer, Hetero 4-mer"
"8EAS","Hetero 18-mer"
"8EAT","Hetero 15-mer"
"8EAU","Hetero 16-mer"
"8EAV","Homo 18-mer"
"8EB2","Hetero 5-mer"
,"Hetero 5-mer"
,"Hetero 5-mer"
"8EF5","Hetero 7-mer, Homo 2-mer"
"8EF6","Hetero 7-mer, Homo 2-mer"
"8EFB","Hetero 5-mer"
"8EFL","Hetero 7-mer, Homo 2-mer"
"8EFO","Hetero 7-mer, Homo 2-mer"
"8EFQ","Hetero 5-mer"
"8EGR","Hetero 144-mer"
"8EKB","Hetero 49-mer"
,"Hetero 49-mer"
"8EKC","Hetero 49-mer"
"8EMA","Hetero 6-mer, Homo 2-mer"
"8EPA","Hetero 5-mer"
"8EQM","Hetero 32-mer"
"8ERA","Hetero 4-mer"
"8ESC","Hetero 6-mer"
"8ESQ","Hetero 55-mer"
"8ESR","Hetero 53-mer"
"8ET3","Hetero 16-mer, Homo 7-mer, Homo 2-mer, Homo 3-mer"
"8ETC","Hetero 40-mer"
"8ETG","Hetero 45-mer"
"8ETH","Hetero 38-mer"
"8ETI","Hetero 42-mer"
"8ETJ","Hetero 33-mer"
"8EUG","Hetero 43-mer"
"8EUI","Hetero 43-mer"
"8EUP","Hetero 37-mer"
"8EUY","Hetero 37-mer"
"8EV3","Hetero 38-mer"
"8EVU","Hetero 6-mer"
"8EW3","Hetero 6-mer"
"8F5O","Hetero 6-mer"
"8F5P","Hetero 6-mer"
"8F68","Hetero 4-mer"
"8F6C","Hetero 8-mer"
"8F7Q","Hetero 9-mer, Hetero 4-mer"
"8F7R","Hetero 9-mer, Hetero 4-mer"
"8F7S","Hetero 8-mer, Hetero 4-mer"
"8F7W","Hetero 6-mer"
"8F7X","Hetero 6-mer"
"8GCH","Hetero 4-mer"
,"Hetero 8-mer"
,"Hetero 8-mer"
"8GSC","Hetero 300-mer"
"8GSD","Hetero 360-mer"
"8GSE","Hetero 5-mer"
"8GSF","Hetero 600-mer"
"8GV5","Hetero 4-mer"
"8GV6","Hetero 10-mer, Hetero 6-mer"
"8GV7","Hetero 12-mer"
"8GVB","Hetero 5-mer"
"8GVG","Hetero 5-mer"
"8GVI","Hetero 5-mer"
"8GVM","Hetero 13-mer"
,"Hetero 13-mer"
"8GWA","Hetero 14-mer, Hetero 4-mer, Homo 3-mer"
"8GWB","Hetero 7-mer"
"8GWE","Hetero 7-mer"
"8GWF","Hetero 7-mer"
"8GWG","Hetero 7-mer"
"8GWI","Hetero 7-mer"
"8GWN","Hetero 7-mer"
"8GWO","Hetero 7-mer"
"8GX9","Hetero 10-mer"
"8GXQ","Hetero 83-mer, Hetero 8-mer"
"8GXS","Hetero 83-mer, Hetero 8-mer"
"8GXU","Hetero 12-mer, Hetero 6-mer"
"8GXW","Hetero 12-mer, Homo 2-mer, Hetero 6-mer"
"8GXX","Hetero 12-mer, Hetero 6-mer"
"8GXY","Hetero 12-mer, Hetero 6-mer"
"8GXZ","Hetero 12-mer, Hetero 6-mer"
"8GY7","Hetero 6-mer"
"8GZ3","Hetero 5-mer"
"8H0V","Hetero 21-mer, Hetero 8-mer"
"8H0W","Hetero 21-mer, Hetero 8-mer"
"8H77","Hetero 6-mer, Hetero 4-mer"
"8H7G","Hetero 14-mer"
"8HA0","Hetero 6-mer"
"8HAF","Hetero 6-mer"
"8HAO","Hetero 12-mer"
"8HC4","Hetero 15-mer, Hetero 6-mer"
"8HC5","Hetero 5-mer"
"8HC6","Hetero 4-mer"
"8HC7","Hetero 4-mer"
"8HDO","Hetero 5-mer"
"8HDP","Hetero 5-mer"
"8HII","Hetero 4-mer"
"8HIJ","Hetero 4-mer"
"8HIK","Hetero 4-mer"
"8KME","Hetero 4-mer"
